Mite potential,2710,1272,IMG_3071.JPG,3264,2448
Mite potential,2076,1282,IMG_3071.JPG,3264,2448
Mite potential,2337,1409,IMG_3071.JPG,3264,2448
Mite potential,2157,254,IMG_3071.JPG,3264,2448
Mite potential,2028,1628,IMG_3071.JPG,3264,2448
Mite,1985,1898,IMG_3071.JPG,3264,2448
Mite,1853,1699,IMG_3071.JPG,3264,2448
Mite,2019,2334,IMG_3071.JPG,3264,2448
Mite,1160,864,IMG_3071.JPG,3264,2448
Mite,1513,51,IMG_3072.JPG,3264,2448
Mite,155,2071,IMG_3072.JPG,3264,2448
Mite,741,2433,IMG_3072.JPG,3264,2448
Mite,1137,963,IMG_3072.JPG,3264,2448
Mite,1924,1871,IMG_3072.JPG,3264,2448
Mite potential,2568,561,IMG_3072.JPG,3264,2448
Mite potential,1805,863,IMG_3073.JPG,3264,2448
Mite potential,2835,592,IMG_3074.JPG,3264,2448
Mite potential,3130,486,IMG_3074.JPG,3264,2448
Mite potential,3157,701,IMG_3074.JPG,3264,2448
Mite potential,2895,1178,IMG_3074.JPG,3264,2448
Mite,2920,2061,IMG_3074.JPG,3264,2448
Mite,579,1549,IMG_3075.JPG,3264,2448
Mite,2357,2395,IMG_3075.JPG,3264,2448
Mite,2855,872,IMG_3075.JPG,3264,2448
Mite potential,2500,1860,IMG_3076.JPG,3264,2448
Mite potential,2844,360,IMG_3076.JPG,3264,2448
Mite potential,3167,842,IMG_3076.JPG,3264,2448
Mite potential,3112,1823,IMG_3076.JPG,3264,2448
Mite potential,2801,2045,IMG_3076.JPG,3264,2448
Mite potential,3255,2370,IMG_3076.JPG,3264,2448
Mite,1239,973,IMG_3077.JPG,3264,2448
Mite,2047,1173,IMG_3078.JPG,3264,2448
Mite,2808,319,IMG_3078.JPG,3264,2448
Mite,409,811,IMG_3079.JPG,3264,2448
Mite,2979,1447,IMG_3079.JPG,3264,2448
Mite potential,2362,1166,IMG_3080.JPG,3264,2448
Mite potential,2836,2190,IMG_3080.JPG,3264,2448
Mite potential,2706,887,IMG_3081.JPG,3264,2448
Mite potential,1422,626,IMG_3060.JPG,3264,2448
Mite potential,2547,623,IMG_3060.JPG,3264,2448
Mite potential,2208,503,IMG_3060.JPG,3264,2448
Mite potential,1201,2191,IMG_3061.JPG,3264,2448
Mite,2627,176,IMG_3061.JPG,3264,2448
Mite potential,2489,1458,IMG_3061.JPG,3264,2448
Mite potential,2622,1842,IMG_3061.JPG,3264,2448
Mite,1900,228,IMG_3063.JPG,3264,2448
Mite,2625,2140,IMG_3063.JPG,3264,2448
Mite,1786,1753,IMG_3065.JPG,3264,2448
Mite potential,1526,1595,IMG_3065.JPG,3264,2448
Mite potential,3099,1030,IMG_3065.JPG,3264,2448
Mite potential,264,2011,IMG_3066.JPG,3264,2448
Mite potential,208,622,IMG_3068.JPG,3264,2448
Mite potential,329,1918,IMG_3068.JPG,3264,2448
Mite potential,77,1857,IMG_3068.JPG,3264,2448
Mite potential,2292,1584,IMG_3068.JPG,3264,2448
Mite potential,2314,307,IMG_3068.JPG,3264,2448
Mite potential,1040,1243,IMG_3070.JPG,3264,2448
Mite potential,2223,1805,IMG_3070.JPG,3264,2448
Mite potential,2439,1551,IMG_3070.JPG,3264,2448
Mite potential,3100,1187,IMG_3070.JPG,3264,2448